ticker,trough_date,peak_date,trough_price,peak_price,gain_pct,duration_days
ABNB,2020-12-15,2021-02-11,124.80000305175781,216.83999633789062,73.74999281687631,58
ABNB,2021-07-19,2021-11-15,131.8800048828125,207.2100067138672,57.12010846374499,119
ABNB,2022-06-30,2023-02-16,89.08000183105469,139.4199981689453,56.51099607447618,231
ACMR,2018-01-22,2018-03-14,1.5833330154418945,4.980000019073486,214.52638014268976,51
ACMR,2018-07-02,2019-03-19,3.3399999141693115,5.316667079925537,59.181653190187,260
ACMR,2019-08-27,2020-05-12,4.619999885559082,18.683332443237305,304.40114515233086,259
ACMR,2020-05-13,2020-08-06,16.760000228881836,37.43000030517578,123.32935437956716,85
ACMR,2020-09-08,2021-02-16,19.656667709350586,46.65999984741211,137.37492304057298,161
ACMR,2021-05-12,2021-10-05,21.42333221435547,39.233333587646484,83.13366564589234,146
ACMR,2022-05-11,2022-08-10,11.630000114440918,19.6200008392334,68.70163926199221,91
ACMR,2022-10-24,2023-07-03,5.960000038146973,14.829999923706055,148.82550048299763,252
ACMR,2023-08-03,2024-03-01,11.970000267028809,33.90999984741211,183.29155464446154,211
ADSK,2015-10-01,2015-12-04,43.13999938964844,65.29000091552734,51.34446416147577,64
ADSK,2016-02-09,2016-10-05,42.63999938964844,73.20999908447266,71.69324608913008,239
ADSK,2016-11-03,2017-05-25,67.61000061035156,113.88999938964844,68.45141008948768,203
ADSK,2017-12-26,2018-08-24,103.80000305175781,157.1999969482422,51.44507931262539,241
ADSK,2018-12-24,2019-04-30,118.31999969482422,178.2100067138672,50.61697698910896,127
ADSK,2019-10-18,2020-07-06,139.6699981689453,244.36000061035156,74.9552543952731,262
ADSK,2024-04-18,2024-11-22,210.6300048828125,321.2699890136719,52.5281211441911,218
ALNY,2015-02-04,2015-06-22,85.56999969482422,138.72999572753906,62.12457195547971,138
ALNY,2016-11-03,2017-07-05,31.40999984741211,85.70999908447266,172.87487902211615,244
ALNY,2017-09-07,2018-03-20,72.52999877929688,148.5399932861328,104.79800880478216,194
ALNY,2019-05-20,2019-12-05,65.86000061035156,124.2300033569336,88.62739478536797,199
ALNY,2020-03-12,2020-07-20,93.12000274658203,165.49000549316406,77.71692505586655,130
ALNY,2021-03-29,2021-10-14,133.8000030517578,209.2899932861328,56.420021309844984,199
ALNY,2022-01-07,2022-08-12,148.1300048828125,233.85000610351562,57.86808775745149,217
ALNY,2023-10-19,2024-07-08,160.5,255.11000061035156,58.94704087872371,263
AMAT,2015-09-28,2016-06-02,12.688153266906738,21.986713409423828,73.28537058871765,248
AMAT,2016-06-27,2017-03-13,19.98710060119629,34.79680633544922,74.09631856942033,259
AMAT,2017-04-13,2017-11-21,33.96400451660156,53.46989440917969,57.43106612485484,222
AMAT,2018-10-29,2019-07-18,28.64324188232422,45.04281997680664,57.25461580730714,262
AMAT,2019-08-23,2020-02-19,42.38127136230469,63.737510681152344,50.39074721539054,180
AMAT,2020-03-20,2020-12-03,35.9202880859375,82.248291015625,128.97447486737875,258
AMAT,2020-12-23,2021-04-05,80.27091217041016,136.9099578857422,70.5598630735513,103
AMAT,2022-10-17,2023-06-27,72.07483673095703,142.9973602294922,98.40122671838542,253
AMAT,2023-07-20,2024-03-07,130.7906036376953,208.70570373535156,59.57239888080175,231
AMD,2015-07-27,2015-12-28,1.6200000047683716,3.0,85.18518464010384,154
AMD,2016-01-20,2016-08-23,1.7999999523162842,7.670000076293945,326.11112663775356,216
AMD,2016-09-13,2017-02-27,5.739999771118164,15.199999809265137,164.80836960563406,167
AMD,2017-11-01,2018-06-18,10.800000190734863,17.110000610351562,58.425928779426705,229
AMD,2018-06-27,2018-09-14,14.970000267028809,32.720001220703125,118.57047853745478,79
AMD,2018-10-29,2019-07-15,16.850000381469727,34.38999938964844,104.09494724681305,259
AMD,2019-08-05,2020-02-19,27.989999771118164,58.900001525878906,110.43230442129412,198
AMD,2020-03-16,2020-09-01,38.709999084472656,92.18000030517578,138.12968867299972,169
AMD,2021-02-23,2021-11-04,84.73999786376953,137.5,62.26103784077145,254
AMD,2022-10-14,2023-06-12,55.939998626708984,129.19000244140625,130.94387846431493,241
AMD,2023-08-24,2024-03-07,101.80000305175781,211.3800048828125,107.64243472108868,196
AMKR,2015-01-30,2015-03-02,5.899654865264893,9.20717716217041,56.06297948680107,31
AMKR,2015-08-05,2015-12-04,3.846389055252075,6.4385199546813965,67.39128211406177,121
AMKR,2016-02-12,2016-10-06,3.8370981216430664,9.253631591796875,141.16223506513873,237
AMKR,2018-10-24,2019-04-24,5.332915306091309,8.826258659362793,65.50532218806012,182
AMKR,2019-05-31,2019-10-29,6.020434856414795,13.861865997314453,130.24692282060963,151
AMKR,2020-03-18,2020-12-01,5.370080471038818,13.973355293273926,160.2075586880515,258
AMKR,2020-12-09,2021-08-06,13.75966739654541,25.66063117980957,86.4916530340849,240
AMKR,2022-04-11,2022-11-17,17.675893783569336,27.195528030395508,53.856593411277274,220
AMKR,2023-05-04,2023-12-26,19.472082138061523,32.75444793701172,68.21235502590416,236
AMKR,2024-02-07,2024-07-16,28.346298217773438,43.0188102722168,51.76165135115786,160
ANET,2015-02-06,2015-06-22,3.544374942779541,5.480000019073486,54.611182720302295,136
ANET,2016-02-09,2016-10-10,3.3125,5.408124923706055,63.26414864018278,244
ANET,2016-10-14,2017-06-23,5.028124809265137,10.101249694824219,100.894967368571,252
ANET,2017-08-02,2018-02-15,8.9662504196167,19.247499465942383,114.66609301734402,197
ANET,2018-10-11,2019-04-16,13.4662504196167,20.533750534057617,52.483058715033806,187
ANET,2020-03-16,2020-11-17,9.8149995803833,17.361249923706055,76.88487688175789,246
ANET,2021-03-08,2021-11-09,16.7393741607666,33.209999084472656,98.39450845366467,246
ANET,2022-06-16,2023-03-06,22.604999542236328,35.64500045776367,57.686357795153874,263
ANET,2023-05-03,2024-01-19,33.182498931884766,65.87750244140625,98.53086585382258,261
ANET,2024-02-21,2024-10-11,63.622501373291016,104.23249816894531,63.829613610103266,233
APA,2015-08-25,2016-04-27,29.715740203857422,44.72463607788086,50.508234932256954,246
APA,2019-08-15,2020-01-14,16.730422973632812,28.515111923217773,70.43867909471064,152
APA,2020-04-01,2020-06-08,3.4389617443084717,15.21220588684082,342.34879646501525,68
APA,2020-07-09,2021-03-05,10.36454963684082,20.065900802612305,93.6012803806545,239
APA,2021-04-20,2021-11-08,14.671845436096191,26.598899841308594,81.29212141145545,202
APA,2021-12-20,2022-06-07,20.769006729125977,44.882423400878906,116.10288824230015,169
APA,2022-08-04,2022-11-07,26.8909912109375,43.647064208984375,62.311102133087594,95
ARRY,2021-05-12,2021-11-15,13.460000038146973,27.09000015258789,101.26300204912444,187
ARRY,2022-01-27,2022-08-10,9.020000457763672,23.579999923706055,161.4190546233325,195
ARRY,2022-10-19,2023-05-22,14.609999656677246,24.3700008392334,66.80356887000688,215
AVGO,2015-01-06,2015-05-29,7.255062580108643,11.194066047668457,54.293170101102405,143
AVGO,2016-02-11,2016-08-29,8.872747421264648,13.6206693649292,53.5112938331318,200
AVGO,2016-09-09,2017-05-26,12.344594955444336,18.766738891601562,52.02393403215606,259
AVGO,2018-07-13,2019-04-01,16.44077491760254,25.50759506225586,55.14837463619677,262
AVGO,2020-03-12,2020-11-24,18.782474517822266,34.91394805908203,85.88577360215756,257
AVGO,2021-05-21,2021-12-27,40.8255500793457,62.3292121887207,52.67206949467178,220
AVGO,2022-10-14,2023-06-14,40.41289520263672,85.15998840332031,110.72478964032275,243
AVGO,2023-06-26,2024-03-07,79.37751770019531,137.2997283935547,72.97054930859453,255
AVGO,2024-04-19,2024-12-16,118.05943298339844,246.58181762695312,108.86244444493272,241
BAC,2016-02-11,2016-10-26,8.867181777954102,13.563543319702148,52.96340663077761,258
BAC,2016-11-02,2017-03-01,13.249981880187988,20.640884399414062,55.780472653153645,119
BAC,2020-03-23,2020-12-04,15.535212516784668,25.678503036499023,65.2922546682594,256
BAC,2020-12-14,2021-06-04,24.740427017211914,38.28364562988281,54.74124841599897,172
BAC,2023-10-23,2024-07-11,23.917850494384766,39.9398193359375,66.98749473876944,262
BBY,2016-01-19,2016-08-25,17.484983444213867,27.556087493896484,57.5985907096489,219
BBY,2016-09-09,2017-05-25,25.906118392944336,43.6195068359375,68.37530877577359,258
BBY,2017-09-20,2018-05-17,37.896339416503906,57.45109176635742,51.600636501945075,239
BBY,2018-12-24,2019-07-24,35.8653564453125,58.750526428222656,63.808566960168,212
BBY,2020-03-23,2020-11-05,39.11574935913086,96.09893798828125,145.6783765177918,227
BBY,2023-11-09,2024-06-18,54.90658187866211,83.79358673095703,52.6111877008338,222
BKNG,2016-02-08,2016-10-05,38.141788482666016,58.65719985961914,53.787229684514124,240
BKNG,2020-03-23,2020-12-04,45.130916595458984,83.23314666748047,84.42600537799687,256
BKNG,2022-07-14,2023-03-03,65.56367492675781,102.63580322265625,56.54370097056378,232
BKNG,2023-05-31,2024-02-08,98.26348114013672,150.41368103027344,53.071801736561355,253
BKNG,2024-03-15,2024-11-27,134.0609588623047,206.0526885986328,53.70074207083027,257
BLD,2015-06-17,2015-09-17,22.75,35.650001525878906,56.703303410456726,92
BLD,2016-02-11,2016-07-26,23.280000686645508,38.650001525878906,66.02233842737962,166
BLD,2016-10-19,2017-06-28,31.709999084472656,55.189998626708984,74.04604295221728,252
BLD,2017-07-18,2018-03-16,52.27000045776367,81.80999755859375,56.514246876082616,241
BLD,2018-10-29,2019-05-15,43.02000045776367,86.33999633789062,100.69733942159719,198
BLD,2019-05-29,2020-02-10,77.11000061035156,119.06999969482422,54.41576806165889,257
BLD,2020-03-16,2020-10-12,59.119998931884766,190.97999572753906,223.0378876487753,210
BLD,2020-10-30,2021-04-16,153.2100067138672,232.05999755859375,51.46530082201855,168
BLD,2021-06-18,2021-12-27,179.92999267578125,280.2300109863281,55.74391285130494,192
BLD,2022-11-03,2023-07-17,141.82000732421875,278.6700134277344,96.49555706950356,256
BLD,2023-10-03,2024-04-05,235.80999755859375,446.9100036621094,89.52122822997009,185
BLDR,2015-01-21,2015-09-14,5.75,16.440000534057617,185.91305276621944,236
BLDR,2016-02-11,2016-08-30,6.590000152587891,14.029999732971191,112.89832182267273,201
BLDR,2016-11-04,2017-05-02,9.140000343322754,16.389999389648438,79.32164960608765,179
BLDR,2017-05-30,2018-01-23,13.520000457763672,23.030000686645508,70.34023599770553,238
BLDR,2018-12-24,2019-08-09,10.229999542236328,20.149999618530273,96.96970205460424,228
BLDR,2019-08-14,2020-02-20,18.700000762939453,28.18000030517578,50.69518264953358,190
BLDR,2020-03-18,2020-11-27,10.649999618530273,37.93000030517578,256.1502503641424,254
BLDR,2021-03-23,2021-11-24,42.279998779296875,73.70999908447266,74.33775121243859,246
BLDR,2022-06-22,2023-03-03,50.02000045776367,89.18000030517578,78.28868350466804,254
BLDR,2023-03-15,2023-08-07,79.52999877929688,152.22000122070312,91.39947637007735,145
BLDR,2023-10-25,2024-03-21,106.22000122070312,211.1199951171875,98.75728929669654,148
BMRN,2015-01-06,2015-07-20,90.27999877929688,149.1300048828125,65.1860953691231,195
BMRN,2016-02-08,2016-08-03,64.73999786376953,101.45999908447266,56.71918818714195,177
BMRN,2019-10-02,2020-06-18,64.2699966430664,113.83000183105469,77.11219507794222,260
BMRN,2022-06-14,2023-01-27,71.4800033569336,117.2699966430664,64.05986448752896,227
BMY,2019-07-15,2020-01-21,34.2305908203125,53.04351806640625,54.959399751084995,190
BMY,2021-11-30,2022-06-27,44.552024841308594,67.51856231689453,51.54992967747537,209
BX,2016-10-17,2017-06-02,15.243433952331543,23.193862915039062,52.156416904286,228
BX,2018-10-29,2019-07-03,23.18621253967285,37.13827133178711,60.173945047046985,247
BX,2020-03-20,2020-12-02,30.31703758239746,50.76647186279297,67.45195411925327,257
BX,2020-12-03,2021-08-04,50.60165023803711,99.0322265625,95.70948002019462,244
BX,2022-12-28,2023-09-15,64.54949188232422,104.49855041503906,61.88903640875013,261
BX,2023-10-27,2024-07-16,83.01244354248047,128.75607299804688,55.10454517840778,263
C,2016-04-07,2016-12-20,29.820743560791016,45.38425827026367,52.190230192435294,257
C,2018-12-24,2019-07-24,38.131324768066406,57.27946472167969,50.216298725737296,212
C,2020-03-23,2020-06-08,28.360441207885742,49.59670639038086,74.87988295679364,77
C,2020-10-28,2021-06-02,33.64746856689453,67.16899108886719,99.62568938976351,217
C,2023-10-04,2024-05-21,36.50250244140625,61.23328399658203,67.75092089884409,230
CDNS,2018-10-11,2019-07-01,39.130001068115234,73.3499984741211,87.45207378460755,263
CDNS,2019-10-22,2020-07-09,62.939998626708984,101.52999877929688,61.312362558921286,261
CDNS,2020-07-13,2021-03-01,98.20999908447266,147.44000244140625,50.12728216664553,231
CDNS,2021-03-08,2021-11-17,119.68000030517578,187.74000549316406,56.86831969789433,254
CDNS,2022-10-14,2023-06-13,147.4499969482422,239.0,62.08884703055887,242
CIEN,2016-05-13,2017-01-25,15.729999542236328,25.18000030517578,60.076293947532754,257
CIEN,2018-02-05,2018-09-04,21.040000915527344,32.06999969482422,52.423946289645016,211
CIEN,2018-10-11,2019-06-06,28.239999771118164,45.4900016784668,61.083576654241654,238
CIEN,2019-10-29,2020-07-06,35.849998474121094,56.56999969482422,57.796379644646834,251
CIEN,2020-09-24,2021-06-07,38.81999969482422,60.77000045776367,56.543021472166565,256
CIEN,2021-09-21,2021-12-29,50.84000015258789,77.5999984741211,52.6357164461398,99
CIEN,2023-08-16,2024-03-04,40.43000030517578,62.47999954223633,54.53870658081035,201
CIEN,2024-04-19,2024-12-16,43.560001373291016,91.13999938964844,109.22864214033585,241
CLF,2015-03-20,2015-05-05,4.07179594039917,6.230794906616211,53.02326044377823,46
CLF,2015-07-27,2015-09-09,2.2726306915283203,4.147550582885742,82.49998111644607,44
CLF,2015-11-20,2016-08-04,2.04536771774292,7.679596424102783,275.46287435186866,258
CLF,2016-10-27,2017-02-14,4.80093240737915,11.391559600830078,137.27806672139297,110
CLF,2017-06-02,2018-01-11,5.388027667999268,8.342448234558105,54.833062274453766,223
CLF,2018-02-05,2018-09-25,6.107694149017334,12.224858283996582,100.1550501012471,232
CLF,2018-12-20,2019-02-08,7.404987812042236,11.27389144897461,52.247265426158215,50
CLF,2020-03-23,2020-12-04,3.021526336669922,12.550000190734863,315.3529968752959,256
CLF,2020-12-07,2021-08-10,12.59000015258789,26.020000457763672,106.67196300561781,246
CLF,2021-10-01,2022-03-28,19.65999984741211,33.06999969482422,68.20956231684457,178
CLF,2022-07-14,2023-03-03,14.520000457763672,22.790000915527344,56.95592422203954,232
CLF,2023-05-31,2023-12-19,13.880000114440918,21.149999618530273,52.37751760913576,202
CMG,2017-10-30,2018-06-22,5.374000072479248,9.398799896240234,74.89392946554577,235
CMG,2018-06-28,2019-03-18,8.56719970703125,13.116000175476074,53.095534410287456,263
CMG,2019-11-08,2020-07-22,14.632399559020996,23.705400466918945,62.006240817175936,257
CMG,2022-11-09,2023-07-18,27.516399383544922,43.06399917602539,56.503031431423715,251
CMG,2023-09-27,2024-06-13,36.12160110473633,65.3051986694336,80.79264670488446,260
COIN,2021-06-08,2021-11-09,220.66000366210938,357.3900146484375,61.964111627451544,154
COIN,2022-06-30,2022-08-08,47.02000045776367,98.0199966430664,108.46447402975707,39
COIN,2022-12-28,2023-07-19,32.529998779296875,110.1500015258789,238.6105307694689,203
COIN,2023-09-26,2024-03-25,70.5199966430664,279.7099914550781,296.6392580402646,181
COIN,2024-05-16,2024-12-06,199.1699981689453,343.6199951171875,72.52598196326383,204
CRUS,2015-01-06,2015-05-22,22.90999984741211,38.13999938964844,66.47751917797021,136
CRUS,2016-01-13,2016-09-21,25.760000228881836,55.88999938964844,116.96428141714522,252
CRUS,2019-01-03,2019-08-01,31.350000381469727,57.08000183105469,82.07336885645903,210
CRUS,2019-08-27,2020-01-23,52.02000045776367,86.04000091552734,65.3979241799226,149
CRUS,2020-03-18,2020-12-01,50.54999923706055,81.37999725341797,60.989116679856494,258
CRUS,2022-07-05,2023-02-07,69.62999725341797,106.6500015258789,53.166746707926535,217
CRUS,2023-10-23,2024-07-10,66.87000274658203,136.60000610351562,104.27695602345067,261
CRWD,2019-06-12,2019-08-13,58.0,99.6500015258789,71.81034745841191,62
CRWD,2019-10-22,2020-07-09,46.20000076293945,117.45999908447266,154.24241806224447,261
CRWD,2020-08-10,2021-02-16,97.0,242.4199981689453,149.91752388551063,190
CRWD,2021-03-29,2021-11-09,173.85000610351562,293.17999267578125,68.63962173300868,225
CRWD,2022-01-25,2022-04-13,158.58999633789062,239.86000061035156,51.2453535211059,78
CRWD,2022-12-28,2023-09-11,99.95999908447266,172.2899932861328,72.35893843950181,257
CRWD,2023-09-25,2024-06-11,159.9199981689453,384.6300048828125,140.51401281062758,260
CTRA,2015-12-14,2016-08-18,11.294918060302734,18.858139038085938,66.96127353384703,248
CTRA,2020-02-27,2020-06-08,10.18562126159668,16.954692840576172,66.45713015563652,102
CTRA,2021-06-18,2022-03-04,11.887261390686035,21.649616241455078,82.12450731854935,259
CTRA,2022-03-14,2022-06-07,19.178693771362305,30.561216354370117,59.34983226023577,85
DAR,2015-11-17,2016-07-29,9.100000381469727,15.779999732971191,73.40658320305025,255
DAR,2017-01-20,2017-09-25,12.100000381469727,18.270000457763672,50.99173456013153,248
DAR,2019-05-28,2020-01-29,18.979999542236328,29.459999084472656,55.21601577974283,246
DAR,2020-03-18,2020-11-16,14.029999732971191,49.09000015258789,249.8930939907573,243
DAR,2020-11-18,2021-03-15,47.0099983215332,79.20999908447266,68.49606873563758,117
DASH,2021-03-08,2021-11-12,133.41000366210938,245.97000122070312,84.37148224931998,249
DASH,2022-10-14,2023-07-05,43.060001373291016,79.06999969482422,83.62748995142684,264
DASH,2023-09-26,2024-04-11,74.58000183105469,140.9499969482422,88.99167804733335,198
DASH,2024-07-02,2024-11-29,107.44999694824219,180.47999572753906,67.96649683896673,150
DDOG,2019-10-22,2020-07-08,28.040000915527344,96.12999725341797,242.8316480552799,260
DDOG,2020-08-07,2021-02-09,75.27999877929688,117.8499984741211,56.548884677362146,186
DDOG,2021-05-06,2021-11-09,71.36000061035156,196.55999755859375,175.4484247160734,187
DDOG,2023-01-05,2023-07-31,63.5,116.72000122070312,83.81102554441438,207
DDOG,2023-10-23,2024-02-14,85.68000030517578,136.14999389648438,58.90522106856224,114
DDOG,2024-05-07,2024-12-06,112.4000015258789,168.64999389648438,50.044476518672035,213
DECK,2016-01-19,2016-08-23,7.045000076293945,11.428333282470703,62.219065418131706,217
DECK,2017-02-07,2017-06-05,7.498332977294922,11.986666679382324,59.857753925814606,118
DECK,2017-08-23,2018-03-06,10.266667366027832,16.38166618347168,59.561672735967264,195
DECK,2018-04-02,2018-12-03,14.430000305175781,22.81833267211914,58.131200204719434,245
DECK,2019-01-11,2019-07-24,18.883333206176758,29.843332290649414,58.040595719020786,194
DECK,2019-08-15,2020-02-18,22.156667709350586,33.529998779296875,51.33141508073663,187
DECK,2020-03-18,2020-11-05,15.19333267211914,46.4283332824707,205.58360225778532,232
DECK,2020-11-20,2021-08-04,41.20166778564453,72.76166534423828,76.59883508305427,257
DECK,2022-03-07,2022-11-18,39.133331298828125,62.56666564941406,59.88075528670278,256
DECK,2022-12-20,2023-08-07,60.508331298828125,94.25833129882812,55.77744299924801,230
DECK,2023-10-26,2024-05-31,80.76333618164062,182.32000732421875,125.746007958577,218
DKS,2015-12-14,2016-08-29,27.579362869262695,44.7164306640625,62.137286767777844,259
DKS,2017-11-01,2018-05-30,18.8076171875,29.952442169189453,59.25697482345916,210
DKS,2019-08-07,2019-12-31,26.15829086303711,40.508872985839844,54.86054955937806,146
DKS,2020-03-18,2020-10-15,13.808542251586914,53.28382873535156,285.8758423918936,211
DKS,2020-11-13,2021-08-03,43.01582336425781,92.77728271484375,115.68175489564877,263
DKS,2022-05-24,2023-02-03,64.41997528076172,124.55975341796875,93.35579201187164,255
DKS,2023-10-05,2024-06-24,96.008056640625,219.54920959472656,128.67790191456302,263
DOCN,2021-05-13,2021-11-16,35.43000030517578,130.25999450683594,267.6545113882117,187
DOCN,2022-05-09,2022-08-10,32.20000076293945,52.66999816894531,63.57141900929945,93
DOCN,2022-11-03,2023-07-19,31.75,49.900001525878906,57.16535913662648,258
DOCN,2023-10-05,2024-02-15,22.309999465942383,40.880001068115234,83.23622611699801,133
DVN,2016-02-19,2016-09-08,12.807430267333984,31.48426628112793,145.8281296399496,202
DVN,2017-07-07,2018-01-22,20.662744522094727,31.4495792388916,52.204268921113,199
DVN,2018-04-02,2018-07-10,21.33997917175293,32.13009262084961,50.56290525053192,99
DVN,2018-12-24,2019-04-22,14.851210594177246,24.956939697265625,68.04650057989589,119
DVN,2020-03-18,2020-11-24,3.9245471954345703,11.581316947937012,195.09944386474876,251
DVN,2020-11-30,2021-06-04,10.589713096618652,24.431446075439453,130.70923501450227,186
DVN,2021-07-19,2022-03-25,19.463186264038086,51.445430755615234,164.32173056202203,249
DVN,2022-07-06,2022-10-31,42.67565155029297,66.21410369873047,55.15663216224734,117
ENPH,2015-11-30,2015-12-23,1.6699999570846558,3.680000066757202,120.3592910973144,23
ENPH,2016-02-11,2016-03-03,1.8300000429153442,3.3299999237060547,81.96720467837171,21
ENPH,2016-10-31,2017-02-27,1.0,1.899999976158142,89.99999761581421,119
ENPH,2017-05-18,2017-11-28,0.699999988079071,3.140000104904175,348.57145119686555,194
ENPH,2018-01-18,2018-07-10,1.940000057220459,7.480000019073486,285.5669999201175,173
ENPH,2018-09-17,2019-05-29,3.890000104904175,16.290000915527344,318.76607908031474,254
ENPH,2019-05-31,2020-02-12,15.170000076293945,41.5,173.5662478001682,257
ENPH,2020-03-18,2020-11-27,23.989999771118164,140.55999755859375,485.9107915783123,254
ENPH,2020-12-09,2021-01-07,127.26000213623047,213.75999450683594,67.97107568645815,29
ENPH,2021-03-08,2021-11-17,132.05999755859375,254.86000061035156,92.98803977129609,254
ENPH,2022-01-27,2022-09-14,119.97000122070312,320.6199951171875,167.25013908048402,230
ENPH,2023-11-09,2023-12-26,75.55999755859375,137.33999633789062,81.76283850643188,47
EOG,2016-01-20,2016-09-30,43.76188278198242,70.54767608642578,61.208045910382005,254
EOG,2020-03-18,2020-06-08,22.37312126159668,47.11170959472656,110.57280762873938,82
EOG,2020-08-26,2021-05-10,33.07493591308594,66.07014465332031,99.75894987956721,257
EOG,2021-07-19,2022-03-25,55.95855712890625,103.45626068115234,84.88014342977122,249
EOG,2022-07-14,2022-11-08,81.22069549560547,128.91903686523438,58.72683197130425,117
EXEL,2015-01-06,2015-08-04,1.5800000429153442,6.619999885559082,318.98732314868545,210
EXEL,2016-01-19,2016-09-27,4.150000095367432,15.479999542236328,273.01202859046595,252
EXEL,2016-11-03,2017-07-24,10.199999809265137,28.110000610351562,175.5882464313179,263
EXEL,2018-09-17,2019-03-14,15.869999885559082,24.760000228881836,56.017645919532846,178
EXEL,2019-11-06,2020-05-11,15.149999618530273,27.420000076293945,80.99010407073531,187
EXEL,2024-05-28,2024-11-29,20.34000015258789,36.459999084472656,79.25269818561821,185
EXPE,2015-02-06,2015-10-19,73.0896224975586,123.15194702148438,68.49443575330821,255
EXPE,2020-03-18,2020-11-09,45.0906982421875,127.06390380859375,181.79626566463537,236
EXPE,2020-11-12,2021-03-17,116.0604019165039,183.00010681152344,57.67660958401406,125
EXPE,2021-08-20,2022-02-16,136.101806640625,211.18055725097656,55.163669361565496,180
EXPE,2023-04-12,2023-12-22,88.24541473388672,153.4071807861328,73.84153187873638,254
EXPE,2024-05-30,2024-12-05,108.138671875,188.66978454589844,74.47022538244804,189
EXTR,2015-04-14,2015-11-30,2.4100000858306885,4.420000076293945,83.40248626051157,230
EXTR,2016-02-11,2016-10-10,2.3499999046325684,4.650000095367432,97.87235251375371,242
EXTR,2016-10-28,2017-06-08,4.050000190734863,10.699999809265137,164.19751371230544,223
EXTR,2017-08-10,2018-01-30,8.479999542236328,15.079999923706055,77.8301973791049,173
EXTR,2018-10-11,2019-02-26,4.820000171661377,8.449999809265137,75.31119311874541,138
EXTR,2019-06-03,2019-08-01,5.409999847412109,8.369999885559082,54.713495778801146,59
EXTR,2020-03-18,2020-11-18,1.8799999952316284,5.909999847412109,214.36169480861932,245
EXTR,2020-11-20,2021-04-29,5.610000133514404,12.010000228881836,114.08199541981345,160
EXTR,2021-07-19,2021-12-29,9.5600004196167,16.559999465942383,73.22174413258386,163
EXTR,2022-03-08,2022-11-18,10.720000267028809,19.059999465942383,77.79849805195123,255
EXTR,2023-01-25,2023-08-11,16.5,32.27000045776367,95.57576035008286,198
EXTR,2024-04-12,2024-12-16,10.699999809265137,18.520000457763672,73.08411951304141,248
F,2020-03-23,2020-11-24,2.972525119781494,7.005077838897705,135.66084580010673,246
F,2021-01-04,2021-06-03,6.315688610076904,11.853035926818848,87.67606604142753,150
F,2021-08-20,2022-01-14,9.317865371704102,18.766815185546875,101.40680764219606,147
F,2022-07-06,2022-08-16,8.337285041809082,12.508837699890137,50.03490509394749,41
F,2022-12-28,2023-07-05,8.423830032348633,12.709979057312012,50.88123820760858,189
F,2023-10-30,2024-07-18,8.177733421325684,12.856626510620117,57.21503561234872,262
FANG,2015-09-28,2016-06-07,47.879859924316406,72.31291198730469,51.029915504367715,253
FANG,2017-06-16,2018-01-23,64.88208770751953,101.14937591552734,55.897227554539064,221
FANG,2020-03-17,2020-06-08,15.723478317260742,46.92478942871094,198.43771512820018,83
FANG,2020-07-13,2021-03-05,29.102466583251953,68.63423156738281,135.83647582257106,235
FANG,2021-03-23,2021-11-08,58.05778121948242,94.14706420898438,62.16097520687113,230
FANG,2021-12-20,2022-06-07,80.99867248535156,134.82029724121094,66.44753932923147,169
FANG,2022-07-14,2022-11-15,89.6924819946289,143.68478393554688,60.19713217898376,124
FAST,2020-03-23,2020-11-30,12.034137725830078,21.501258850097656,78.66887798655775,252
FFIV,2016-04-12,2016-12-20,95.19000244140625,146.55999755859375,53.96574619147432,252
FFIV,2017-09-08,2018-05-25,115.55999755859375,174.8000030517578,51.263418782201775,259
FFIV,2020-03-18,2020-11-24,90.55000305175781,164.83999633789062,82.04305994740731,251
FFIV,2024-04-30,2024-12-16,165.30999755859375,263.3599853515625,59.31279973445959,230
FIVE,2015-11-17,2016-07-26,27.5,51.869998931884766,88.61817793412642,252
FIVE,2017-03-13,2017-11-17,37.58000183105469,59.900001525878906,59.39329059952259,249
FIVE,2017-11-27,2018-07-19,58.79999923706055,107.93000030517578,83.55442466936208,234
FIVE,2018-12-24,2019-04-29,89.61000061035156,147.5,64.60216381581088,126
FIVE,2020-03-19,2020-12-01,52.27000045776367,162.1199951171875,210.15877883564812,257
FIVE,2022-07-01,2023-02-17,112.98999786376953,210.47000122070312,86.27312611729037,231
FSLR,2015-01-20,2015-04-23,39.83000183105469,64.75,62.565897623222476,93
FSLR,2015-07-08,2016-03-17,43.27000045776367,73.20999908447266,69.19343265534224,253
FSLR,2016-11-18,2017-08-01,29.209999084472656,49.650001525878906,69.97604615561823,256
FSLR,2017-09-29,2018-04-27,45.880001068115234,77.94999694824219,69.89972784114497,210
FSLR,2018-10-29,2019-07-09,36.91999816894531,67.11000061035156,81.77140828463016,253
FSLR,2020-03-18,2020-11-27,30.200000762939453,94.69999694824219,213.57614091339764,254
FSLR,2021-05-13,2021-11-01,69.56999969482422,121.13999938964844,74.12677867046312,172
FSLR,2022-01-27,2022-10-04,72.22000122070312,143.05999755859375,98.08916524579496,250
FSLR,2022-10-17,2023-05-12,118.27999877929688,231.69000244140625,95.88265542150147,207
FSLR,2023-10-30,2024-06-12,136.32000732421875,300.7099914550781,120.59123774830789,226
FTNT,2015-01-29,2015-08-05,5.843999862670898,9.765999794006348,67.11156782168314,188
FTNT,2016-02-11,2016-07-28,4.765999794006348,7.434000015258789,55.979864384544875,168
FTNT,2017-09-29,2018-06-18,7.168000221252441,13.234000205993652,84.62611324642675,262
FTNT,2019-06-03,2020-02-06,13.930000305175781,24.266000747680664,74.19957082602845,248
FTNT,2020-03-16,2020-07-09,15.140000343322754,29.920000076293945,97.62218888911495,115
FTNT,2020-09-11,2021-05-28,23.034000396728516,43.70800018310547,89.75427381391054,259
FTNT,2021-06-01,2021-12-27,42.99800109863281,73.53399658203125,71.01724429782709,209
FTNT,2022-11-03,2023-07-17,45.93000030517578,80.27999877929688,74.78771662505355,256
FTNT,2024-06-20,2024-12-06,57.939998626708984,99.20999908447266,71.22885991705765,169
GD,2020-03-23,2020-06-08,92.32125091552734,146.50550842285156,58.690991478118136,77
GD,2020-10-29,2021-05-07,116.40263366699219,175.07034301757812,50.40067179100441,190
GILD,2022-03-10,2022-11-23,49.2398681640625,75.30770874023438,52.94051659382259,258
GILD,2024-04-30,2024-11-07,60.81351089477539,93.29719543457031,53.415242866015255,191
GM,2020-03-18,2020-11-24,16.135913848876953,44.62348556518555,176.54761907576312,251
GM,2021-01-04,2021-06-08,38.90867614746094,61.39330291748047,57.78820817445573,155
GM,2023-10-24,2024-07-12,27.770784378051758,48.05980682373047,73.05887428125311,262
GS,2016-04-08,2016-12-20,121.82402038574219,199.25741577148438,63.56168113690385,256
GS,2020-03-23,2020-12-04,116.61979675292969,210.7046661376953,80.67658494045699,256
GS,2020-12-14,2021-08-27,209.13038635253906,371.8083190917969,77.7878028996826,256
GS,2023-10-19,2024-07-09,281.2141418457031,453.9769287109375,61.43460130821801,264
HUT,2018-12-19,2019-06-26,4.235000133514404,11.149999618530273,163.28215506518706,189
HUT,2019-12-11,2020-02-12,4.179999828338623,7.900000095367432,88.99522535404876,63
HUT,2020-03-18,2020-11-30,2.0299999713897705,7.199999809265137,254.67979855861284,257
HUT,2020-12-11,2021-02-22,5.800000190734863,51.95000076293945,795.6896388715008,73
HUT,2021-05-17,2021-11-08,20.75,79.5,283.13253012048193,175
HUT,2022-01-27,2022-02-09,25.600000381469727,39.099998474121094,52.7343667636161,13
HUT,2022-06-30,2022-08-15,6.650000095367432,17.799999237060547,167.6691576209225,46
HUT,2022-12-27,2023-07-13,3.940000057220459,22.350000381469727,467.25888469242614,198
HUT,2023-10-03,2023-12-27,9.175000190734863,18.125,97.54767981697768,85
HUT,2024-01-23,2024-07-16,6.329999923706055,20.93000030517578,230.64771812701377,175
ILMN,2016-11-18,2017-08-07,128.27821350097656,194.1439666748047,51.346016892671095,262
ILMN,2017-11-15,2018-08-02,199.8249053955078,323.4435729980469,61.863493621009916,260
ILMN,2020-03-18,2020-08-05,203.501953125,389.82489013671875,91.55830406073345,140
ILMN,2020-09-22,2021-02-12,261.1965026855469,491.0116882324219,87.98555232707244,143
ILMN,2023-11-13,2024-01-30,90.26264953613281,143.19065856933594,58.637774655635,78
INCY,2015-01-06,2015-09-15,71.48999786376953,131.47000122070312,83.8998533350508,252
INCY,2016-03-17,2016-11-21,63.04999923706055,108.0999984741211,71.45122883773222,249
INCY,2016-12-21,2017-03-15,99.76000213623047,152.66000366210938,53.02726583108891,84
INCY,2018-12-24,2019-06-21,58.5,88.69999694824219,51.62392640725161,179
INCY,2020-03-09,2020-07-20,71.08999633789062,109.69000244140625,54.29738091425672,133
INCY,2024-04-25,2024-11-08,51.18000030517578,83.37999725341797,62.91519491254445,197
INTC,2017-07-03,2018-03-09,27.715986251831055,44.11054229736328,59.15198505501178,249
INTC,2019-05-20,2020-01-24,37.957332611083984,60.396827697753906,59.11768173119027,249
INTC,2020-10-29,2021-04-09,39.588619232177734,62.08332443237305,56.8211411170197,162
INTC,2023-02-27,2023-11-10,24.303081512451172,38.346431732177734,57.784237001105176,256
IWM,2020-03-23,2020-12-04,92.24034881591797,175.6990203857422,90.4795706447087,256
KKR,2016-06-27,2017-02-21,10.117977142333984,15.926623344421387,57.409165096685335,239
KKR,2019-05-31,2020-02-11,20.701269149780273,31.830595016479492,53.76156305284957,256
KKR,2020-03-23,2020-12-04,17.411773681640625,37.72392272949219,116.65755263789788,256
KKR,2021-01-27,2021-08-06,35.80769729614258,64.7828140258789,80.91868206464564,191
KKR,2023-03-17,2023-11-30,47.28083801269531,74.65917205810547,57.90577154757459,258
KKR,2023-12-06,2024-07-31,73.56646728515625,121.9460220336914,65.76305283357932,238
KLAC,2015-08-25,2016-04-19,3.8381118774414062,6.156161308288574,60.395567009694496,238
KLAC,2016-08-24,2017-04-27,5.740694999694824,8.973047256469727,56.30593955865508,246
KLAC,2018-12-24,2019-09-05,7.359947681427002,13.950308799743652,89.54358649787116,255
KLAC,2020-02-26,2020-11-09,13.739025115966797,21.871946334838867,59.195766440665444,257
KLAC,2020-11-10,2021-04-05,21.063228607177734,33.65044403076172,59.75919294392802,146
KLAC,2021-05-12,2022-01-14,27.17395782470703,42.54418182373047,56.5623311045569,247
KLAC,2022-09-30,2023-06-14,29.209793090820312,46.84866714477539,60.38685039333059,257
KLAC,2023-07-20,2024-03-07,43.88101577758789,71.05595397949219,61.92868993653475,231
LCID,2020-10-23,2021-02-18,96.30000305175781,580.5,502.8037192148394,118
LCID,2021-05-13,2021-11-16,172.5,555.2000122070312,221.855079540308,187
LCID,2022-05-11,2022-07-21,138.60000610351562,214.8000030517578,54.978350355432895,71
LCID,2023-01-03,2023-01-27,61.70000076293945,128.6999969482422,108.58994385223211,24
LCID,2024-04-05,2024-08-26,26.100000381469727,42.599998474121094,63.21838257276773,143
LDOS,2015-05-12,2015-12-04,24.04884910583496,36.37668228149414,51.26163468948742,206
LDOS,2016-03-09,2016-11-21,28.212203979492188,42.50606155395508,50.66551193537832,257
LDOS,2018-12-24,2019-09-05,45.61507797241211,80.89850616455078,77.35036255660465,255
LDOS,2019-10-23,2020-02-18,72.45819091796875,113.09583282470703,56.08426237517426,118
LDOS,2020-03-23,2020-06-03,65.26900482177734,98.83882141113281,51.43301430904417,72
LDOS,2023-10-05,2024-05-24,87.75045776367188,147.58424377441406,68.18629501840957,232
LII,2018-10-19,2019-07-03,176.46897888183594,265.8595886230469,50.655140811500424,257
LII,2020-03-20,2020-11-06,168.55206298828125,287.2656555175781,70.4314088030774,231
LII,2022-06-16,2023-02-02,177.55516052246094,269.4972839355469,51.78228734244824,231
LII,2023-04-06,2023-12-14,228.3361053466797,433.9121398925781,90.03220679172708,252
LITE,2015-10-14,2016-04-08,14.449999809265137,27.459999084472656,90.03459824868433,177
LITE,2016-05-19,2016-10-10,21.709999084472656,44.5,104.97467469644954,144
LITE,2016-10-31,2017-06-08,33.599998474121094,65.0999984741211,93.75000425747481,220
LITE,2018-02-05,2018-03-14,42.599998474121094,73.19999694824219,71.83098490651395,37
LITE,2018-11-12,2019-05-03,37.5,63.7400016784668,69.9733378092448,172
LITE,2019-05-31,2020-02-12,40.470001220703125,92.8499984741211,129.42919612916165,257
LITE,2020-03-20,2020-08-04,62.13999938964844,95.55999755859375,53.78178065208119,137
LITE,2020-09-10,2021-01-12,70.25,108.93000030517578,55.06049865505449,124
LITE,2021-05-13,2022-01-11,67.43000030517578,107.61000061035156,59.58772078203839,243
LITE,2023-10-27,2024-07-12,36.06999969482422,59.2400016784668,64.23621341745479,259
LMT,2018-12-24,2019-09-04,200.7686767578125,324.78192138671875,61.76921949757311,254
LMT,2020-03-23,2020-06-08,233.93203735351562,352.2592468261719,50.58187446717331,77
LRCX,2016-02-11,2016-10-10,5.564950942993164,8.950669288635254,60.840039388039024,242
LRCX,2016-11-04,2017-06-08,8.324163436889648,14.61461067199707,75.56852148325753,216
LRCX,2017-07-03,2018-03-12,12.339632034301758,20.4174747467041,65.46258988880321,252
LRCX,2018-10-29,2019-05-03,12.274797439575195,19.02911376953125,55.02588831469798,186
LRCX,2019-06-03,2020-02-13,15.791650772094727,31.758283615112305,101.10806699975952,255
LRCX,2020-03-20,2020-12-03,17.46900749206543,45.63200759887695,161.21694446352143,258
LRCX,2022-10-14,2023-07-03,30.351661682128906,63.37245178222656,108.79401083842582,262
LRCX,2023-09-26,2024-06-12,59.17109680175781,101.81124114990234,72.06245388859821,260
LSCC,2015-08-20,2015-12-29,3.799999952316284,6.769999980926514,78.15789647049523,131
LSCC,2016-02-11,2016-10-24,4.320000171661377,6.559999942779541,51.85184449325403,256
LSCC,2018-04-02,2018-10-03,5.440000057220459,8.619999885559082,58.45587858253495,184
LSCC,2018-11-19,2019-08-08,5.519999980926514,19.360000610351562,250.72464995012646,262
LSCC,2019-10-01,2020-06-05,17.81999969482422,28.540000915527344,60.15713470419827,248
LSCC,2020-06-11,2021-02-24,25.520000457763672,49.36000061035156,93.4169268219402,258
LSCC,2021-03-08,2021-11-16,39.4900016784668,84.98999786376953,115.21902823851507,253
LSCC,2022-05-09,2023-01-25,44.630001068115234,75.87999725341797,70.02015558459956,261
LSCC,2023-11-09,2024-03-07,54.34000015258789,83.56999969482422,53.79094490275646,119
LULU,2015-11-17,2016-08-01,44.09000015258789,78.33000183105469,77.6593367202723,258
LULU,2017-04-05,2017-12-19,49.43000030517578,76.56999969482422,54.90592600058436,258
LULU,2018-02-08,2018-09-28,76.66999816894531,162.49000549316406,111.93427595382362,232
LULU,2018-12-24,2019-09-06,113.26000213623047,203.13999938964844,79.35722722776329,256
LULU,2019-10-02,2020-06-03,189.1300048828125,323.739990234375,71.17325748231681,245
LULU,2021-03-04,2021-11-16,285.1400146484375,477.9100036621094,67.60537950148702,257
LULU,2023-06-01,2023-12-29,328.3500061035156,511.2900085449219,55.71493803588741,211
MARA,2015-11-13,2016-07-15,21.440000534057617,49.599998474121094,131.3432707024941,245
MARA,2017-03-21,2017-11-27,10.399999618530273,26.040000915527344,150.38463337181653,251
MARA,2018-03-29,2018-04-24,4.480000019073486,7.71999979019165,72.3214231545524,26
MARA,2018-07-12,2018-07-24,3.359999895095825,5.679999828338623,69.04761921656646,12
MARA,2018-10-11,2019-04-10,2.359999895095825,3.859999895095825,63.55932485916887,181
MARA,2019-06-06,2019-06-26,2.0199999809265137,3.450000047683716,70.79208318117428,20
MARA,2019-11-19,2020-08-06,0.9900000095367432,5.090000152587891,414.14142460157007,261
MARA,2020-09-23,2021-04-05,1.6399999856948853,56.560001373291016,3348.7806016245754,194
MARA,2021-05-13,2021-11-09,19.65999984741211,76.08999633789062,287.0294859025979,180
MARA,2022-01-27,2022-03-28,19.790000915527344,31.270000457763672,58.00909050604973,60
MARA,2022-06-16,2022-08-12,6.570000171661377,18.239999771118164,177.62556003869565,57
MARA,2022-09-23,2022-10-25,9.470000267028809,14.760000228881836,55.8606104824615,32
MARA,2022-12-28,2023-07-13,3.1500000953674316,19.299999237060547,512.6983699284395,197
MARA,2023-10-03,2023-12-27,7.300000190734863,31.06999969482422,325.6164230551413,85
MARA,2024-01-24,2024-02-28,15.649999618530273,31.030000686645508,98.27476960385769,35
MARA,2024-04-16,2024-11-29,14.600000381469727,27.420000076293945,87.80821479357851,227
MCHP,2016-02-11,2016-09-01,16.154691696166992,26.152021408081055,61.884992297848186,203
MCHP,2016-10-13,2017-06-08,24.323877334594727,36.722496032714844,50.97303578523699,238
MCHP,2018-10-24,2019-05-03,26.465139389038086,43.889556884765625,65.83912988172195,191
MCHP,2020-03-16,2020-11-24,24.681777954101562,59.73589324951172,142.0242713494833,253
MCHP,2022-07-05,2023-02-07,51.176448822021484,79.55477905273438,55.45193323086058,217
MDB,2017-12-08,2018-08-27,25.760000228881836,70.81999969482422,174.92235662102826,262
MDB,2018-10-11,2019-06-19,63.099998474121094,174.00999450683594,175.76861919925696,251
MDB,2019-09-13,2020-06-01,123.29000091552734,238.3800048828125,93.34901704327146,262
MDB,2020-08-11,2021-02-12,191.67999267578125,422.8500061035156,120.60205668869617,185
MDB,2021-05-10,2021-11-16,254.38999938964844,585.030029296875,129.97367455502297,190
MDB,2022-05-10,2022-08-10,250.49000549316406,380.30999755859375,51.8264159122199,92
MDB,2022-11-03,2023-07-19,157.22000122070312,431.2099914550781,174.27171359053222,258
MDB,2023-09-26,2024-02-09,325.29998779296875,500.8999938964844,53.980944572083125,136
MPWR,2015-08-25,2015-12-01,41.22708511352539,62.964054107666016,52.72497178562199,98
MPWR,2018-10-24,2019-04-24,98.08169555664062,149.15467834472656,52.071879975394694,182
MPWR,2019-05-31,2020-02-13,110.25873565673828,182.68173217773438,65.68458824565714,258
MPWR,2020-03-20,2020-11-06,129.04049682617188,343.2960205078125,166.0374292965257,231
MPWR,2020-11-18,2021-08-04,288.4443664550781,450.4508056640625,56.165575774632096,259
MPWR,2022-10-12,2023-06-30,314.3465270996094,529.0294799804688,68.29499751808333,261
MPWR,2023-09-21,2024-03-07,431.249755859375,754.57861328125,74.97484996311705,168
MPWR,2024-04-19,2024-08-21,582.5783081054688,934.2826538085938,60.37031259314468,124
MRNA,2018-12-26,2019-05-02,13.520000457763672,28.34000015258789,109.61537864678132,127
MRNA,2019-07-25,2020-04-03,13.510000228881836,34.84000015258789,157.88304635337113,253
MRNA,2020-04-09,2020-12-08,31.860000610351562,169.86000061035156,433.14500111830733,243
MRNA,2020-12-31,2021-08-09,104.47000122070312,484.4700012207031,363.740782578544,221
MRNA,2022-03-07,2022-08-04,126.45999908447266,194.17999267578125,53.5505251317241,150
MRNA,2022-09-29,2022-12-21,118.06999969482422,210.0399932861328,77.89446415602916,83
MRNA,2023-11-09,2024-05-24,69.51000213623047,166.61000061035156,139.69212414037602,197
MRVL,2016-01-19,2016-09-30,7.139078140258789,12.393285751342773,73.59784425743126,255
MRVL,2017-04-13,2017-11-22,13.822352409362793,22.59185028076172,63.444322729456424,223
MRVL,2018-10-29,2019-07-18,14.960041999816895,25.546377182006836,70.76407393989612,262
MRVL,2019-10-08,2020-06-03,22.216344833374023,35.07815170288086,57.89344271513767,239
MRVL,2020-08-20,2021-01-25,32.036312103271484,53.321598052978516,66.4411243125997,158
MRVL,2021-03-08,2021-11-18,39.24422073364258,73.85509490966797,88.19355698495194,255
MRVL,2022-10-14,2023-05-26,36.52638626098633,64.8562240600586,77.55992502694207,224
MRVL,2023-10-26,2024-03-07,46.26306915283203,84.50975799560547,82.67218224632667,133
MRVL,2024-04-19,2024-12-16,61.758209228515625,124.2392578125,101.17043444830811,241
MS,2016-02-11,2016-10-26,16.259532928466797,25.492433547973633,56.78453778547412,258
MS,2020-03-23,2020-12-04,22.91717529296875,54.81509017944336,139.18781210466742,256
MS,2020-12-14,2021-08-27,52.183963775634766,90.42279052734375,73.27696860306938,256
MS,2023-10-27,2024-07-17,64.57294464111328,101.20533752441406,56.730249931915154,264
MSTR,2020-03-18,2020-11-30,9.220000267028809,34.277000427246094,271.7678897453224,257
MSTR,2020-12-14,2021-02-09,27.952999114990234,127.29399871826172,355.38583604075,57
MSTR,2021-05-21,2021-11-08,45.051998138427734,86.0,90.89053439040497,171
MSTR,2022-01-27,2022-03-29,31.94499969482422,52.0,62.779779298057484,61
MSTR,2022-06-13,2022-08-12,15.21500015258789,35.284000396728516,131.90272785325686,60
MSTR,2022-09-23,2023-04-13,19.145000457763672,34.071998596191406,77.9681263072237,202
MSTR,2023-05-12,2024-01-02,27.100000381469727,68.51499938964844,152.82287241773327,235
MSTR,2024-01-23,2024-10-08,45.01900100708008,192.1999969482422,326.9308350889776,259
MU,2016-02-11,2016-09-27,9.450532913208008,17.555171966552734,85.75854005034714,229
MU,2016-11-03,2017-06-07,16.209278106689453,31.696828842163086,95.54744285053651,216
MU,2017-08-10,2018-03-20,26.810644149780273,59.638816833496094,122.44455038199769,222
MU,2018-12-24,2019-09-11,28.30282974243164,49.23249816894531,73.94903130528989,261
MU,2020-03-16,2020-11-27,33.61814880371094,62.6426887512207,86.33592562451236,256
MU,2022-09-26,2023-05-26,47.948577880859375,72.98684692382812,52.21900241792946,242
MU,2023-07-07,2024-03-22,59.98892593383789,109.3367919921875,82.26162627544896,259
NET,2019-10-22,2020-07-09,14.619999885559082,39.72999954223633,171.75102498789806,261
NET,2020-09-08,2021-02-09,32.939998626708984,93.45999908447266,183.727999334802,154
NET,2021-03-08,2021-11-18,61.77000045776367,217.25,251.70794623605116,255
NET,2022-01-26,2022-03-29,80.06999969482422,130.02000427246094,62.38292090422666,62
NET,2022-06-16,2022-08-10,39.70000076293945,78.61000061035156,98.01007329887807,55
NET,2022-10-14,2023-02-15,45.70000076293945,72.4000015258789,58.4245083527261,124
NET,2023-05-04,2023-12-26,40.47999954223633,85.76000213623047,111.8577151829005,236
NET,2024-06-03,2024-12-17,67.43000030517578,117.55999755859375,74.34375949360643,197
NOC,2018-12-24,2019-08-12,200.15541076660156,332.99774169921875,66.36959271989043,231
NTGR,2015-04-27,2015-12-04,18.504962921142578,28.225805282592773,52.53100156360642,221
NTGR,2016-02-05,2016-09-30,21.81141471862793,37.52481460571289,72.04209396681183,238
NTGR,2017-05-31,2018-01-23,26.02357292175293,44.013648986816406,69.12992354722243,237
NTGR,2020-03-16,2020-10-21,16.6299991607666,36.529998779296875,119.6632629151193,219
NTGR,2020-11-09,2021-01-27,29.049999237060547,45.22999954223633,55.69707652361705,79
NTGR,2022-06-13,2022-08-03,17.56999969482422,26.739999771118164,52.19123640050631,51
NTGR,2023-10-25,2024-03-27,10.430000305175781,15.829999923706055,51.773724453781455,154
NTGR,2024-05-07,2024-12-26,11.489999771118164,29.030000686645508,152.65449316732594,233
NUE,2016-01-25,2016-07-18,27.673879623413086,45.9066276550293,65.88432225523833,175
NUE,2020-03-23,2020-11-24,25.206727981567383,51.61018371582031,104.74765210923316,246
NUE,2021-01-29,2021-08-13,44.92512130737305,117.41983795166016,161.36788178775464,196
NUE,2021-09-21,2022-04-21,89.5376205444336,165.32440185546875,84.64238925516845,212
NUE,2022-06-30,2023-03-03,98.76319122314453,170.1626434326172,72.29358562154343,246
OKTA,2017-07-03,2018-03-08,22.5,42.599998474121094,89.33332655164931,248
OKTA,2018-03-19,2018-09-12,37.9900016784668,74.16999816894531,95.2355748670203,177
OKTA,2018-11-20,2019-07-26,47.81999969482422,140.52999877929688,193.87285586810052,248
OKTA,2019-09-27,2020-06-01,97.05999755859375,204.77999877929688,110.98290122629983,248
OKTA,2020-06-11,2021-02-12,178.8699951171875,291.7799987792969,63.12406034792804,246
OKTA,2022-10-11,2023-05-31,50.7599983215332,90.9000015258789,79.07802311198594,232
OKTA,2023-07-07,2024-03-07,68.52999877929688,111.48999786376953,62.68787370451698,244
ON,2016-02-11,2016-10-06,7.050000190734863,12.430000305175781,76.31205629627264,238
ON,2016-11-10,2017-06-08,10.949999809265137,16.649999618530273,52.054793685404356,210
ON,2017-07-03,2018-03-12,13.800000190734863,26.799999237060547,94.20289033802848,252
ON,2018-10-26,2019-05-03,14.619999885559082,23.520000457763672,60.87551738625917,189
ON,2019-08-12,2020-01-14,16.829999923706055,25.6200008392334,52.2281696694847,155
ON,2020-03-18,2020-12-01,8.449999809265137,29.270000457763672,246.39054578048763,258
ON,2020-12-02,2021-08-04,28.959999084472656,45.66999816894531,57.700274905851,245
ON,2021-08-19,2022-01-04,40.97999954223633,70.94999694824219,73.1332302117697,138
ON,2022-06-23,2023-02-14,50.470001220703125,86.87999725341797,72.14185684976609,236
ON,2023-04-27,2023-08-01,69.9800033569336,108.08999633789062,54.45840404804883,96
OXY,2020-03-23,2020-06-08,9.027275085449219,22.731229782104492,151.80610501993283,77
OXY,2020-09-01,2021-03-05,11.633146286010742,29.154582977294922,150.61649067676822,185
OXY,2021-04-20,2021-10-26,21.665504455566406,33.0457878112793,52.52720230471722,189
OXY,2021-12-20,2022-08-29,25.222436904907227,70.6583023071289,180.1406643359737,252
PANW,2015-01-02,2015-07-23,20.23666763305664,32.848331451416016,62.32085265737227,202
PANW,2017-08-10,2018-04-05,21.286666870117188,32.733333587646484,53.773880088284024,238
PANW,2018-11-19,2019-02-27,27.239999771118164,42.47999954223633,55.947136193726124,100
PANW,2020-03-18,2020-11-25,22.09666633605957,49.54833221435547,124.23442278936665,252
PANW,2021-03-19,2021-11-29,52.80833435058594,91.86333465576172,73.95612981446449,255
PANW,2022-11-04,2023-07-05,71.1050033569336,128.94000244140625,81.3374535602677,243
PANW,2023-08-17,2024-02-09,103.78500366210938,188.4499969482422,81.57728987684466,176
PAYC,2015-01-14,2015-08-17,22.59635353088379,39.87992477416992,76.48832020468984,215
PAYC,2016-02-08,2016-09-07,23.629661560058594,51.100120544433594,116.25413641475313,212
PAYC,2016-11-10,2017-06-23,38.368961334228516,71.19117736816406,85.54366574592474,225
PAYC,2017-07-03,2018-03-14,64.32843017578125,108.44886779785156,68.58621841308516,254
PAYC,2018-05-22,2019-02-06,98.38871002197266,164.88124084472656,67.58146418212462,260
PAYC,2019-02-07,2019-08-27,163.9356689453125,248.67689514160156,51.69175612694635,201
PAYC,2019-10-22,2020-02-04,185.80091857910156,329.2360534667969,77.19829158251996,105
PAYC,2020-04-03,2020-12-17,160.85519409179688,430.67596435546875,167.74140977361944,258
PAYC,2021-03-04,2021-11-02,339.910400390625,539.3001708984375,58.65950858775542,243
PAYC,2022-06-16,2022-08-15,253.42428588867188,388.8658447265625,53.444585377026364,60
PCTY,2015-01-21,2015-08-05,22.93000030517578,37.4900016784668,63.49760653951897,196
PCTY,2015-09-29,2015-11-19,29.020000457763672,46.22999954223633,59.30392423501322,51
PCTY,2016-02-09,2016-08-08,25.170000076293945,47.27000045776367,87.80294125737544,181
PCTY,2016-12-30,2017-06-05,30.010000228881836,49.15999984741211,63.812060887957536,157
PCTY,2018-02-13,2018-09-14,42.90999984741211,85.12000274658203,98.36868573588586,213
PCTY,2018-11-20,2019-08-09,58.5099983215332,110.66000366210938,89.13007492154314,262
PCTY,2019-10-02,2020-02-04,94.27999877929688,149.75999450683594,58.84598689634478,125
PCTY,2020-04-03,2020-11-09,74.0199966430664,204.49000549316406,176.26319206584162,220
PCTY,2021-03-08,2021-11-01,167.0800018310547,305.75,82.99616749415854,238
PCTY,2022-06-16,2022-08-15,154.3000030517578,272.239990234375,76.43550541152993,60
PEGA,2016-02-09,2016-10-19,10.082356452941895,15.871234893798828,57.41592719793018,253
PEGA,2016-11-02,2017-06-08,14.448465347290039,31.274534225463867,116.45575134614373,218
PEGA,2018-10-24,2019-07-12,25.212982177734375,38.555946350097656,52.92100743301391,261
PEGA,2019-09-27,2020-02-20,33.3131217956543,50.322078704833984,51.05782944484809,146
PEGA,2020-04-03,2020-09-02,30.151132583618164,66.6594467163086,121.08438723302312,152
PEGA,2022-10-11,2023-06-13,15.091021537780762,25.388813018798828,68.23786882310968,245
PEGA,2023-08-17,2024-02-15,22.670270919799805,34.24882125854492,51.07371843815338,182
PEGA,2024-04-19,2024-12-06,28.691627502441406,48.49248123168945,69.01265439739578,231
PLTR,2020-10-05,2021-01-27,9.029999732971191,39.0,331.89370047929793,114
PLTR,2021-05-13,2021-09-23,18.3700008392334,28.770000457763672,56.61403997499369,133
PLTR,2022-05-11,2022-08-05,6.710000038146973,11.449999809265137,70.64083076260545,86
PLTR,2022-09-06,2023-05-23,7.28000020980835,12.640000343322754,73.62637333846325,259
PLTR,2023-05-24,2024-02-08,12.229999542236328,24.510000228881836,100.40884011676778,260
PLTR,2024-04-19,2024-12-24,20.469999313354492,82.37999725341797,302.442599007191,249
PLUG,2015-09-01,2015-11-04,1.659999966621399,2.9200000762939453,75.90362259085023,64
PLUG,2016-09-13,2017-04-11,1.3600000143051147,2.640000104904175,94.11765273054571,210
PLUG,2017-05-17,2017-11-06,1.7599999904632568,3.1500000953674316,78.97727911568381,173
PLUG,2018-10-10,2019-04-08,1.7400000095367432,2.7699999809265137,59.195400330141226,180
PLUG,2019-06-25,2020-02-19,2.049999952316284,5.71999979019165,179.02438649955346,239
PLUG,2020-03-16,2020-11-23,2.759999990463257,26.8700008392334,873.5507584086388,252
PLUG,2020-12-03,2021-01-26,23.850000381469727,73.18000030517578,206.83437792325162,54
PLUG,2021-04-19,2021-11-19,25.239999771118164,44.54999923706055,76.50554532903993,214
PLUG,2022-01-27,2022-04-04,18.260000228881836,31.75,73.87732531230222,67
PLUG,2022-05-11,2022-09-12,13.449999809265137,30.030000686645508,123.27138373607343,124
PLUG,2022-12-28,2023-02-02,11.710000038146973,17.889999389648438,52.775399926295876,36
PLUG,2023-04-26,2023-07-19,8.470000267028809,13.170000076293945,55.48996057958626,84
PLUG,2024-01-18,2024-02-01,2.4200000762939453,4.699999809265137,94.2148620285519,14
POWI,2016-02-09,2016-10-07,18.75432014465332,29.080224990844727,55.0588065392241,241
POWI,2018-10-26,2019-07-03,23.26753807067871,37.57658004760742,61.49787714309441,250
POWI,2020-03-16,2020-11-27,37.22029113769531,66.88681030273438,79.70523136234668,256
POWI,2022-10-12,2023-06-30,59.78998947143555,90.77558135986328,51.82404640367263,261
QCOM,2016-02-10,2016-09-30,32.08679962158203,52.581153869628906,63.87160604905603,233
QCOM,2018-04-25,2018-09-14,40.34201431274414,62.08649826049805,53.90034265315495,142
QCOM,2018-11-14,2019-05-03,44.599098205566406,75.49673461914062,69.27861247588609,170
QCOM,2019-05-28,2020-01-17,55.27183151245117,83.12464904785156,50.39242734181143,234
QCOM,2020-03-20,2020-12-01,53.21030044555664,133.87501525878906,151.59605215115522,256
QCOM,2021-03-08,2021-11-18,110.03256225585938,168.03445434570312,52.713388564897365,255
QCOM,2023-05-24,2024-01-25,95.85668182373047,146.67909240722656,53.019163209668285,246
QCOM,2024-02-01,2024-06-18,133.99290466308594,217.61988830566406,62.41150145438764,138
QQQ,2020-03-16,2020-09-02,163.1576385498047,292.9059143066406,79.52326161991468,170
QRVO,2016-02-11,2016-08-01,34.529998779296875,63.470001220703125,83.81118871848263,172
QRVO,2016-09-09,2017-05-25,52.47999954223633,78.83000183105469,50.20960845781194,258
QRVO,2019-05-22,2020-01-23,60.20000076293945,118.68000030517578,97.14285515132086,246
QRVO,2020-03-23,2020-12-04,69.36000061035156,165.35000610351562,138.39389366850457,256
QRVO,2023-11-02,2024-07-16,85.4800033569336,129.2100067138672,51.1581675708796,257
RBLX,2021-05-10,2021-11-19,64.0,134.72000122070312,110.50000190734863,193
RBLX,2022-05-10,2022-08-12,23.190000534057617,51.150001525878906,120.56921236702125,94
RBLX,2022-12-28,2023-04-10,26.15999984741211,46.43000030517578,77.48471168194175,103
RBLX,2023-09-21,2023-12-27,25.309999465942383,46.849998474121094,85.1046995760049,97
RBLX,2024-03-18,2024-11-11,36.20000076293945,54.560001373291016,50.71823266133192,238
REGN,2016-11-03,2017-06-22,333.2574768066406,522.216796875,56.70069937485468,231
REGN,2019-07-11,2020-03-06,289.42950439453125,490.3797912597656,69.4297864641029,239
REGN,2020-03-25,2020-07-20,426.2593994140625,652.8181762695312,53.15044716125842,117
REGN,2021-03-03,2021-09-01,443.0705261230469,675.3817749023438,52.43211522374674,182
RH,2016-06-27,2016-12-08,25.389999389648438,38.9900016784668,53.56440573355473,164
RH,2017-02-07,2017-10-23,25.079999923706055,84.58999633789062,237.28068817868967,258
RH,2017-11-09,2018-06-15,82.11000061035156,160.8699951171875,95.92009977029122,218
RH,2018-12-24,2019-09-11,108.45999908447266,166.9499969482422,53.92771377235156,261
RH,2019-10-02,2020-06-03,164.9499969482422,255.25999450683594,54.74992375230605,245
RH,2020-06-11,2021-01-14,229.6199951171875,515.5700073242188,124.53184317031952,217
RH,2021-03-08,2021-08-12,441.4599914550781,738.52001953125,67.2903623943462,157
RH,2022-06-30,2023-02-02,212.25999450683594,347.04998779296875,63.50230696995134,217
RH,2023-04-05,2023-08-07,232.17999267578125,401.8399963378906,73.07261995611505,124
RH,2023-10-27,2024-03-28,213.1300048828125,348.260009765625,63.40261895884273,153
RH,2024-06-25,2024-12-13,214.9199981689453,446.0400085449219,107.53769418623233,171
RIOT,2016-04-01,2016-09-19,2.3453681468963623,4.0486578941345215,72.62355590068583,171
RIOT,2016-10-12,2016-12-01,2.059999942779541,3.92380952835083,90.47619598748464,50
RIOT,2017-02-28,2017-10-23,2.746666669845581,8.75,218.56796079634697,237
RIOT,2017-11-03,2017-12-19,6.75,38.599998474121094,471.8518292462385,46
RIOT,2018-03-28,2018-05-17,6.28000020980835,9.510000228881836,51.43311960449852,50
RIOT,2018-07-12,2018-07-24,4.570000171661377,8.399999618530273,83.80742457338988,12
RIOT,2018-10-11,2019-04-23,2.1600000858306885,6.019999980926514,178.70369174598224,194
RIOT,2019-10-03,2020-06-10,1.6399999856948853,3.0999999046325684,89.0243860776051,251
RIOT,2020-06-19,2021-02-17,2.109999895095825,77.9000015258789,3591.943383833254,243
RIOT,2021-05-13,2021-11-12,22.229999542236328,44.189998626708984,98.78542301698802,183
RIOT,2022-01-27,2022-03-29,13.449999809265137,23.0,71.00371989712797,61
RIOT,2022-06-16,2022-08-12,4.53000020980835,9.930000305175781,119.2052945974563,57
RIOT,2022-11-03,2023-07-13,5.510000228881836,20.290000915527344,268.2395657476201,252
RIOT,2023-10-03,2023-12-27,8.779999732971191,18.6200008392334,112.07290894680138,85
RIOT,2024-01-24,2024-02-14,10.069999694824219,17.6200008392334,74.97518742021145,21
RIOT,2024-04-17,2024-11-11,7.96999979019165,14.970000267028809,87.82936839536394,208
RIVN,2022-05-11,2022-09-14,20.600000381469727,40.099998474121094,94.660183162871,126
RIVN,2023-03-07,2023-07-31,14.640000343322754,27.639999389648438,88.79780561108342,146
RIVN,2023-11-09,2023-12-19,15.329999923706055,24.350000381469727,58.83888129585242,40
RIVN,2024-02-23,2024-07-12,10.069999694824219,18.110000610351562,79.8411237257509,140
RPM,2016-02-11,2016-09-07,30.398155212402344,45.77909469604492,50.59826616507046,209
RPM,2020-03-23,2020-11-06,41.738304138183594,83.68411254882812,100.49715549480389,228
RTX,2020-03-23,2020-11-24,40.77423095703125,65.80702209472656,61.393656115980214,246
RTX,2023-10-05,2024-06-05,65.56886291503906,104.54351806640625,59.44079768756802,244
RUN,2015-08-06,2015-12-18,8.770000457763672,13.739999771118164,56.67045671536749,134
RUN,2016-02-16,2016-04-27,4.960000038146973,8.390000343322754,69.15323142733703,71
RUN,2016-11-02,2017-07-21,4.630000114440918,7.289999961853027,57.45139917201298,261
RUN,2017-09-25,2018-06-12,5.190000057220459,13.489999771118164,159.92292143331554,260
RUN,2018-10-10,2019-06-28,11.1899995803833,18.760000228881836,67.6496955528861,261
RUN,2019-08-23,2020-02-20,14.65999984741211,23.399999618530273,59.61800724480234,181
RUN,2020-03-20,2020-10-01,8.359999656677246,79.97000122070312,856.5790012542642,195
RUN,2020-10-30,2021-01-08,52.02000045776367,96.5,85.5055731465261,70
RUN,2022-02-23,2022-09-12,19.989999771118164,38.650001525878906,93.34668318366356,201
RUN,2022-10-24,2022-12-14,19.459999084472656,32.72999954223633,68.19116691712462,51
RUN,2023-05-19,2023-07-19,14.630000114440918,22.469999313354492,53.58851085158162,61
RUN,2023-10-05,2023-12-27,10.010000228881836,20.31999969482422,102.99699530670298,83
RUN,2024-03-14,2024-08-23,9.510000228881836,21.5,126.07780738747596,162
S,2021-07-01,2021-11-12,40.040000915527344,76.30000305175781,90.55944382401098,134
S,2022-12-27,2023-05-31,13.079999923706055,21.3799991607666,63.4556520296129,155
S,2023-06-05,2024-02-14,12.770000457763672,30.0,134.92559846981953,254
SCHW,2016-04-07,2016-12-20,23.17247772216797,35.502262115478516,53.20874418843544,257
SCHW,2017-09-07,2018-05-22,33.89680480957031,53.29102325439453,57.21547666153041,257
SCHW,2020-03-12,2020-11-24,26.0715274810791,46.32175064086914,77.67179416122143,257
SCHW,2020-11-30,2021-06-03,45.382102966308594,71.12982940673828,56.73541937786499,185
SCHW,2023-05-04,2023-12-15,45.172481536865234,68.61898803710938,51.90440219917841,225
SEDG,2015-03-26,2015-06-19,20.700000762939453,42.20000076293945,103.86473047137679,85
SEDG,2015-11-11,2016-02-04,15.460000038146973,29.540000915527344,91.07374413090876,85
SEDG,2016-10-17,2017-06-23,14.140000343322754,21.399999618530273,51.343699426682576,249
SEDG,2017-07-05,2018-03-20,19.25,56.75,194.80519480519482,258
SEDG,2018-11-12,2019-08-01,35.189998626708984,66.48999786376953,88.9457245198755,262
SEDG,2019-08-05,2020-02-20,62.90999984741211,142.1999969482422,126.03719169153962,199
SEDG,2020-03-23,2020-10-20,69.4800033569336,309.79998779296875,345.88366842969214,211
SEDG,2020-11-03,2021-01-07,206.3699951171875,365.9700012207031,77.3368269999166,65
SEDG,2021-05-13,2021-11-15,204.00999450683594,368.3299865722656,80.54506959948165,186
SEDG,2022-01-27,2022-08-02,209.82000732421875,365.4100036621094,74.15403245957825,187
SEDG,2022-10-14,2023-02-15,193.38999938964844,343.9800109863281,77.86856201042023,124
SNOW,2020-09-23,2020-12-08,217.38999938964844,390.0,79.401076910151,76
SNOW,2021-03-08,2021-11-16,213.99000549316406,401.8900146484375,87.807843512241,253
SNOW,2022-06-13,2022-09-14,113.30000305175781,197.97999572753906,74.73962082516243,93
SNOW,2022-11-09,2023-06-15,126.26000213623047,190.97999572753906,51.259300250508325,218
SNOW,2023-08-17,2024-02-14,146.94000244140625,236.0,60.60977002780934,181
SNPS,2018-10-11,2019-07-01,85.75,131.42999267578125,53.271128484876094,263
SNPS,2019-12-10,2020-08-26,131.61000061035156,219.77000427246094,66.98579382513527,260
SNPS,2021-03-08,2021-11-17,218.49000549316406,353.9200134277344,61.98453225761283,254
SNPS,2022-10-12,2023-05-30,276.19000244140625,464.8299865722656,68.30080106570091,230
SPY,2020-03-23,2020-12-04,204.41824340820312,341.9635314941406,67.28620977887628,256
STLD,2015-12-08,2016-07-18,13.34366226196289,23.002153396606445,72.38261089817753,223
STLD,2016-09-14,2016-12-07,19.105432510375977,32.26411437988281,68.8740328823254,84
STLD,2017-06-15,2018-02-16,27.380741119384766,41.7070198059082,52.322464991208186,246
STLD,2020-03-18,2020-11-24,13.743725776672363,35.31920623779297,156.98421819315774,251
STLD,2021-01-29,2021-08-13,31.54974937438965,67.97123718261719,115.44144891937715,196
STLD,2021-09-21,2022-04-21,53.683509826660156,87.75933074951172,63.475396882356826,212
STLD,2022-07-06,2023-03-03,60.931514739990234,129.75897216796875,112.95871721174538,240
STLD,2023-09-18,2024-04-01,94.30254364013672,145.0113525390625,53.77247202624053,196
STX,2016-01-25,2016-09-30,16.547239303588867,25.89440155029297,56.48774442197637,249
STX,2016-11-02,2017-04-25,21.931312561035156,34.9535026550293,59.37715792318951,174
STX,2017-07-06,2018-03-20,26.197799682617188,43.99232864379883,67.9237538142896,257
STX,2018-12-24,2019-09-11,27.63926887512207,44.198028564453125,59.910266672196556,261
STX,2020-03-20,2020-12-03,32.7659797668457,52.32714080810547,59.69960666658517,258
STX,2021-01-11,2021-05-17,49.80152130126953,89.85526275634766,80.42674281529845,126
STX,2022-11-03,2023-02-14,43.65741729736328,66.14659881591797,51.5128537388604,103
STX,2023-05-04,2024-01-22,50.891448974609375,82.86746978759766,62.83181449390776,263
SWKS,2015-01-06,2015-06-22,55.02739334106445,87.66320037841797,59.30829184488899,167
SWKS,2016-05-13,2017-01-30,48.721717834472656,75.17967224121094,54.30423142432422,262
SWKS,2019-01-03,2019-04-16,50.456809997558594,78.10615539550781,54.798044900751876,103
SWKS,2019-05-31,2020-01-23,55.92616653442383,108.73106384277344,94.4189465870989,237
SWKS,2020-03-16,2020-10-12,57.81620407104492,134.7523193359375,133.07016000281337,210
SWKS,2022-10-12,2023-02-07,70.25762176513672,109.5583267211914,55.93799500847395,118
TEAM,2016-02-08,2016-08-05,17.920000076293945,31.969999313354492,78.40401326586513,179
TEAM,2016-12-22,2017-07-26,24.049999237060547,38.84000015258789,61.496887254517084,216
TEAM,2017-09-12,2018-05-10,33.79999923706055,65.29000091552734,93.16568754220292,240
TEAM,2018-06-27,2019-03-01,60.75,110.94999694824219,82.63373983249743,247
TEAM,2019-10-23,2020-07-08,107.75,195.8800048828125,81.7911878262761,259
TEAM,2020-08-11,2021-02-19,160.75,258.4100036621094,60.752723895557935,192
TEAM,2021-03-30,2021-10-29,204.42999267578125,458.1300048828125,124.1011697385278,213
TEAM,2022-05-18,2022-08-16,162.49000549316406,289.3599853515625,78.07863595877338,90
TEAM,2022-11-07,2023-07-19,119.2300033569336,188.5800018310547,58.164888468979626,254
TEAM,2023-08-03,2024-01-30,169.64999389648438,257.42999267578125,51.74182253897265,180
TEAM,2024-04-19,2024-12-04,191.5500030517578,287.5,50.09135756699309,229
TSLA,2015-03-27,2015-07-20,12.333333015441895,18.817333221435547,52.57297599825927,115
TSLA,2016-02-10,2016-04-06,9.57800006866455,17.69466781616211,84.74282406879598,56
TSLA,2016-09-09,2017-05-10,12.964667320251465,21.681333541870117,67.23401384933942,243
TSLA,2018-04-02,2018-08-07,16.832000732421875,25.30466651916504,50.3366529115168,127
TSLA,2018-10-08,2018-12-13,16.70400047302246,25.119333267211914,50.379146048160784,66
TSLA,2019-06-03,2020-02-04,11.9313325881958,59.137332916259766,395.6473426511215,246
TSLA,2020-03-18,2020-11-27,24.08133316040039,195.25332641601562,710.807795048043,254
TSLA,2020-11-30,2021-01-26,189.1999969482422,294.36334228515625,55.583164393857096,57
TSLA,2021-03-08,2021-11-04,187.6666717529297,409.9700012207031,118.45647785582527,241
TSLA,2023-01-03,2023-07-18,108.0999984741211,293.3399963378906,171.35985243155724,196
TSLA,2024-03-14,2024-11-22,162.5,352.55999755859375,116.95999849759615,253
TT,2020-03-23,2020-11-16,65.6631088256836,141.87515258789062,116.06523834338667,238
TT,2020-12-14,2021-08-03,128.63833618164062,194.29763793945312,51.041784048807884,232
TT,2022-06-17,2023-03-03,115.55744171142578,187.69505310058594,62.4257601421333,259
TT,2023-05-24,2024-02-02,160.7170867919922,270.76324462890625,68.4719714832444,254
TT,2024-02-13,2024-10-14,263.51434326171875,399.37255859375,51.5562886066884,244
TWLO,2016-06-24,2016-09-28,26.299999237060547,68.97000122070312,162.24335825650635,96
TWLO,2017-12-06,2018-08-23,24.06999969482422,80.55000305175781,234.64895751153048,260
TWLO,2018-10-24,2019-06-20,63.97999954223633,146.66000366210938,129.22789107757328,239
TWLO,2019-09-13,2020-05-22,109.58999633789062,208.6199951171875,90.36408622002787,252
TWLO,2020-06-11,2021-02-18,188.4199981689453,443.489990234375,135.37309974747117,252
TWLO,2022-11-04,2023-02-16,42.7400016784668,75.44999694824219,76.53250815442829,104
TWLO,2023-05-12,2023-12-19,45.83000183105469,77.8499984741211,69.8668892947097,221
TWLO,2024-02-21,2024-11-05,56.25,88.69000244140625,57.671115451388886,258
U,2020-09-18,2020-12-22,68.3499984741211,172.2899932861328,152.0702225785211,95
U,2021-03-08,2021-11-18,92.75,201.1199951171875,116.84096508591644,255
U,2022-05-11,2022-08-12,30.299999237060547,58.470001220703125,92.97030591732582,93
U,2022-11-07,2023-07-19,24.780000686645508,48.5,95.72235131590503,254
U,2023-10-30,2023-12-27,25.079999923706055,42.72999954223633,70.37479933102865,58
U,2024-06-20,2024-12-06,15.529999732971191,27.719999313354492,78.4932375401343,169
ULTA,2015-11-13,2016-07-29,155.1999969482422,261.2099914550781,68.30541017483996,259
ULTA,2018-03-02,2018-11-13,194.0,314.25,61.98453608247423,256
ULTA,2018-12-24,2019-07-17,229.05999755859375,366.3900146484375,59.95373201499953,205
ULTA,2020-03-18,2020-11-24,128.52000427246094,284.7099914550781,121.52970898716764,251
ULTA,2022-05-24,2023-02-07,342.0799865722656,524.9600219726562,53.46119111874923,259
ULTA,2023-10-20,2024-03-13,371.8500061035156,567.1799926757812,52.52924119030125,145
URI,2016-02-11,2016-09-07,41.79427719116211,80.92698669433594,93.63174131277691,209
URI,2016-11-02,2017-03-01,68.3906478881836,128.6037139892578,88.0428362069629,119
URI,2017-05-17,2018-01-22,101.35161590576172,180.4463653564453,78.03994908598902,250
URI,2019-05-31,2019-12-26,106.17326354980469,163.76336669921875,54.24162470281343,209
URI,2020-03-18,2020-11-24,67.10807037353516,229.4249267578125,241.87382453525123,251
URI,2020-12-29,2021-08-12,218.3543701171875,348.45281982421875,59.58133543982168,226
URI,2022-06-23,2023-03-03,227.4287567138672,463.9788513183594,104.01063525229605,253
URI,2023-05-16,2024-01-25,317.29180908203125,637.2864990234375,100.85185963898495,254
VEEV,2015-09-29,2016-06-07,22.829999923706055,35.290000915527344,54.577315083050706,252
VEEV,2016-11-04,2017-05-26,37.540000915527344,66.81999969482422,77.9967982557668,203
VEEV,2017-09-26,2018-06-06,54.349998474121094,81.87000274658203,50.634783891603355,253
VEEV,2018-07-30,2019-04-10,75.16000366210938,135.9600067138672,80.89409272129811,254
VEEV,2019-09-13,2020-06-01,139.82000732421875,218.9600067138672,56.60134118441024,262
VEEV,2020-06-05,2021-02-16,202.8000030517578,318.0899963378906,56.849108259978166,256
VEEV,2022-05-18,2022-08-04,153.10000610351562,231.91000366210938,51.47615572615189,78
VRTX,2016-10-27,2017-06-22,75.83999633789062,135.52999877929688,78.70517579598612,238
VRTX,2019-10-02,2020-05-15,166.7100067138672,288.69000244140625,73.16897055669818,226
VRTX,2021-10-05,2022-04-13,177.00999450683594,290.92999267578125,64.35794684155297,190
WDAY,2016-02-09,2016-10-05,48.900001525878906,92.05000305175781,88.24130916037501,239
WDAY,2016-12-30,2017-09-07,66.08999633789062,109.81999969482422,66.16735630209494,251
WDAY,2017-12-04,2018-08-21,96.58000183105469,145.00999450683594,50.14494901387431,260
WDAY,2018-10-26,2019-07-11,120.6500015258789,224.3000030517578,85.9096562080411,258
WDAY,2020-03-18,2020-08-28,113.87000274658203,243.8800048828125,114.17405725858112,163
WDAY,2022-10-14,2023-06-29,139.58999633789062,227.1199951171875,62.705065603284595,258
WDC,2016-02-11,2016-10-10,26.03830337524414,39.664615631103516,52.331797734619535,242
WDC,2016-10-21,2017-06-28,35.521453857421875,63.88844299316406,79.85875029103059,250
WDC,2018-12-24,2019-09-11,24.697839736938477,46.96149444580078,90.14413789220777,261
WDC,2019-12-05,2020-01-23,34.918548583984375,52.67861557006836,50.86141236188081,49
WDC,2020-03-18,2020-06-08,21.678956985473633,36.514610290527344,68.4334274706786,82
WDC,2020-08-21,2021-04-08,25.363847732543945,54.881011962890625,116.37494650495665,230
WDC,2022-12-28,2023-09-01,22.73040008544922,34.580902099609375,52.13503488548893,247
WDC,2023-10-26,2024-07-10,28.787322998046875,60.37363052368164,109.72297607449568,258
WIX,2015-03-16,2015-07-31,17.40999984741211,28.0,60.82711226538024,137
WIX,2015-09-29,2016-06-09,17.280000686645508,29.139999389648438,68.63424902620916,254
WIX,2016-06-17,2017-02-21,27.209999084472656,65.55000305175781,140.90409870378798,249
WIX,2017-08-10,2018-04-18,56.900001525878906,89.4000015258789,57.117748907649066,251
WIX,2018-12-21,2019-07-24,82.0999984741211,151.52000427246094,84.5554288532927,215
WIX,2019-10-02,2020-06-18,114.08000183105469,231.8800048828125,103.26087058291971,260
WIX,2022-05-11,2022-11-15,58.349998474121094,91.23999786376953,56.36675278446758,188
WIX,2023-05-09,2024-01-23,74.13999938964844,129.02999877929688,74.03560809485559,259
WIX,2024-04-18,2024-12-04,121.7699966430664,229.35000610351562,88.34689367347931,230
WSO,2020-03-23,2020-09-02,115.19292449951172,211.31092834472656,83.4408921058535,163
WSO,2022-10-20,2023-06-30,216.91029357910156,352.6625061035156,62.584495315759995,253
ZBRA,2015-01-06,2015-06-22,75.79000091552734,118.19000244140625,55.944057281561896,167
ZBRA,2016-05-19,2016-12-20,48.83000183105469,87.48999786376953,79.17262867708523,215
ZBRA,2017-08-03,2018-03-14,95.97000122070312,146.7899932861328,52.95403919872677,223
ZBRA,2018-07-30,2019-04-16,136.77000427246094,234.2100067138672,71.24369335201234,260
ZBRA,2019-06-03,2020-01-02,167.69000244140625,259.1400146484375,54.53516063904015,213
ZBRA,2020-03-12,2020-11-24,161.50999450683594,373.4700012207031,131.23646456745806,257
ZBRA,2020-12-02,2021-08-16,367.2099914550781,572.8900146484375,56.01155414599355,257
ZBRA,2022-11-09,2023-02-02,226.8800048828125,344.70001220703125,51.930538076757735,85
ZBRA,2023-10-20,2024-05-24,204.5500030517578,327.0,59.86311176796137,217
ZS,2018-05-25,2019-02-12,24.950000762939453,50.099998474121094,100.80159095040695,263
ZS,2019-02-13,2019-07-26,49.0,88.20999908447266,80.02040629484215,163
ZS,2019-10-21,2020-07-08,42.16999816894531,120.8499984741211,186.57814494077223,261
ZS,2020-07-16,2021-02-12,117.1500015258789,226.47999572753906,93.3247911034032,211
ZS,2021-03-29,2021-11-19,165.75,368.7799987792969,122.49170363758483,235
ZS,2022-05-24,2022-09-12,127.80999755859375,193.60000610351562,51.47485314265876,111
ZS,2023-01-06,2023-09-11,103.95999908447266,165.0500030517578,58.76299009741862,248
ZS,2023-09-26,2024-02-09,148.02999877929688,254.92999267578125,72.2150880078472,136
